Source URL,Destination URL
https://search.collegestationhomes.com/idx/search/advanced,https://www.collegestationhomes.com/homes-for-sale-search/
https://search.collegestationhomes.com/idx/featured,https://www.collegestationhomes.com/homes-for-sale-featured/
https://search.collegestationhomes.com/idx/market-reports,https://www.collegestationhomes.com/homes-for-sale-search
https://search.collegestationhomes.com/idx/mortgage,https://www.collegestationhomes.com/mortgage-calculator/
https://search.collegestationhomes.com/idx/homevaluation,https://www.collegestationhomes.com/home-valuation/
https://search.collegestationhomes.com/idx/roster,https://www.collegestationhomes.com/agent-list/
https://search.collegestationhomes.com/idx/search/address,https://www.collegestationhomes.com/homes-for-sale-search/
https://search.collegestationhomes.com/idx/search/smart,https://www.collegestationhomes.com/homes-for-sale-search/
https://search.collegestationhomes.com/idx/search/basic,https://www.collegestationhomes.com/homes-for-sale-search/
https://search.collegestationhomes.com/idx/search/emailupdatesignup,https://www.collegestationhomes.com/homes-for-sale-search/
https://search.collegestationhomes.com/idx/search/listingid,https://www.collegestationhomes.com/homes-for-sale-search/
https://search.collegestationhomes.com/idx/map/mapsearch,https://www.collegestationhomes.com/homes-for-sale-search/
https://search.collegestationhomes.com/idx/featuredopenhouse,https://www.collegestationhomes.com/open-home-search/
https://search.collegestationhomes.com/idx/featuredvirtualtour,https://www.collegestationhomes.com/homes-for-sale-search/
https://search.collegestationhomes.com/idx/soldpending,https://www.collegestationhomes.com/sold-featured-listing/
https://search.collegestationhomes.com/idx/supplemental,https://www.collegestationhomes.com/supplemental-listing/
https://search.collegestationhomes.com/idx/linkshowcase,https://www.collegestationhomes.com/homes-for-sale-search/
https://search.collegestationhomes.com/idx/contact,https://www.collegestationhomes.com/contact-us/
https://search.collegestationhomes.com/idx/userlogin,https://www.collegestationhomes.com/property-organizer-login/
https://search.collegestationhomes.com/idx/usersignup,https://www.collegestationhomes.com/property-organizer-login/?section=signin
https://search.collegestationhomes.com/idx/searchbycity,https://www.collegestationhomes.com/homes-for-sale-search/
https://search.collegestationhomes.com/idx/sitemap,https://www.collegestationhomes.com/homes-for-sale-search/
https://search.collegestationhomes.com/i/anderson-real-estate,https://www.collegestationhomes.com/listing-report/Anderson-Real-Estate/2983632
https://search.collegestationhomes.com/i/bedias-real-estate,https://www.collegestationhomes.com/listing-report/Bedias-Real-Estate/2983633
https://search.collegestationhomes.com/i/brazos-county-land-for-sale,https://www.collegestationhomes.com/listing-report/Brazos-County-Land-for-Sale/2984135
https://search.collegestationhomes.com/i/brazos-county-real-estate,https://www.collegestationhomes.com/listing-report/Brazos-County-Real-Estate/2984137
https://search.collegestationhomes.com/i/brazos-county-rentals,https://www.collegestationhomes.com/listing-report/Brazos-County-Rentals/2984138
https://search.collegestationhomes.com/i/bremond-real-estate,https://www.collegestationhomes.com/listing-report/Bremond-Real-Estate/2983634
https://search.collegestationhomes.com/i/brenham-real-estate,https://www.collegestationhomes.com/listing-report/Brenham-Real-Estate/2983635
https://search.collegestationhomes.com/i/bryan-college-station-farm-ranch-and-land-for-sale,https://www.collegestationhomes.com/listing-report/Bryan-College-Station-Farm-Ranch-and-Land-for-Sale/2983636
https://search.collegestationhomes.com/i/bryan-home-0-100000,https://www.collegestationhomes.com/listing-report/Bryan-Home-0-100-000/2983637
https://search.collegestationhomes.com/i/bryan-homes,https://www.collegestationhomes.com/listing-report/Bryan-Homes/2983638
https://search.collegestationhomes.com/i/bryan-homes-100000-200000,https://www.collegestationhomes.com/listing-report/Bryan-Homes-100-000-200-000/2983639
https://search.collegestationhomes.com/i/bryan-homes-up-to-1000000,https://www.collegestationhomes.com/listing-report/Bryan-Homes-up-to-1-000-000/2983640
https://search.collegestationhomes.com/i/bryan-real-estate,https://www.collegestationhomes.com/listing-report/Bryan-Real-Estate/2983641
https://search.collegestationhomes.com/i/bryan-rentals,https://www.collegestationhomes.com/listing-report/Bryan-Rentals/2983642
https://search.collegestationhomes.com/i/bryan-texas-land-for-sale,https://www.collegestationhomes.com/listing-report/Bryan-Texas-Land-for-Sale/2983643
https://search.collegestationhomes.com/i/bryan-tx-homes-for-rent,https://www.collegestationhomes.com/listing-report/Bryan-TX-Homes-for-Rent/2983646
https://search.collegestationhomes.com/i/buffalo-real-estate,https://www.collegestationhomes.com/listing-report/Buffalo-Real-Estate/2984139
https://search.collegestationhomes.com/i/caldwell-real-estate,https://www.collegestationhomes.com/listing-report/Caldwell-Real-Estate/2983647
https://search.collegestationhomes.com/i/calvert-real-estate,https://www.collegestationhomes.com/listing-report/Calvert-Real-Estate/2983648
https://search.collegestationhomes.com/i/cameron-real-estate,https://www.collegestationhomes.com/listing-report/Cameron-Real-Estate/2983649
https://search.collegestationhomes.com/i/centerville-real-estate,https://www.collegestationhomes.com/listing-report/Centerville-Real-Estate/2984140
https://search.collegestationhomes.com/i/chappell-hill-real-estate,https://www.collegestationhomes.com/listing-report/Chappell-Hill-Real-Estate/2984141
https://search.collegestationhomes.com/i/chriesman-real-estate,https://www.collegestationhomes.com/listing-report/Chriesman-Real-Estate/2984145
https://search.collegestationhomes.com/i/college-hills-homes-for-sale,https://www.collegestationhomes.com/listing-report/College-Hills-Homes-for-Sale/2984044
https://search.collegestationhomes.com/i/college-station-condos-for-sale,https://www.collegestationhomes.com/listing-report/College-Station-Condos-for-Sale/2983671
https://search.collegestationhomes.com/i/college-station-homes,https://www.collegestationhomes.com/listing-report/College-Station-Homes/2983672
https://search.collegestationhomes.com/i/college-station-homes-0-100000,https://www.collegestationhomes.com/listing-report/College-Station-Homes-0-100-000/2983673
https://search.collegestationhomes.com/i/college-station-homes-100000-200000,https://www.collegestationhomes.com/listing-report/College-Station-Homes-100-000-200-000/2983674
https://search.collegestationhomes.com/i/college-station-homes-for-rent,https://www.collegestationhomes.com/listing-report/College-Station-Homes-for-Rent/2983675
https://search.collegestationhomes.com/i/college-station-homes-up-to-1000000,https://www.collegestationhomes.com/listing-report/College-Station-Homes-up-to-1-000-000/2983676
https://search.collegestationhomes.com/i/college-station-land-for-sale,https://www.collegestationhomes.com/listing-report/College-Station-Land-for-Sale/2983680
https://search.collegestationhomes.com/i/college-station-luxury-homes,https://www.collegestationhomes.com/listing-report/College-Station-Luxury-Homes/2983681
https://search.collegestationhomes.com/i/college-station-patio-homes-for-sale,https://www.collegestationhomes.com/listing-report/College-Station-Patio-Homes-for-Sale/2983682
https://search.collegestationhomes.com/i/college-station-real-estate,https://www.collegestationhomes.com/listing-report/College-Station-Real-Estate/2983683
https://search.collegestationhomes.com/i/college-station-rentals,https://www.collegestationhomes.com/listing-report/College-Station-Rentals/2983684
https://search.collegestationhomes.com/i/condos-for-sale-in-bryan-tx,https://www.collegestationhomes.com/listing-report/Condos-for-Sale-in-Bryan-TX/2983685
https://search.collegestationhomes.com/i/dime-box-real-estate,https://www.collegestationhomes.com/listing-report/Dime-Box-Real-Estate/2984142
https://search.collegestationhomes.com/i/energy-efficient-homes-for-sale-in-bryan-tx,https://www.collegestationhomes.com/listing-report/Energy-Efficient-Homes-for-Sale-in-Bryan-TX/2984053
https://search.collegestationhomes.com/i/energy-efficient-homes-for-sale-in-college-station,https://www.collegestationhomes.com/listing-report/Energy-Efficient-Homes-for-Sale-in-College-Station/2984054
https://search.collegestationhomes.com/i/farm-ranch-land-properties,https://www.collegestationhomes.com/listing-report/Farm-Ranch-Land-Properties/2979722
https://search.collegestationhomes.com/i/franklin-real-estate,https://www.collegestationhomes.com/listing-report/Franklin-Real-Estate/2983687
https://search.collegestationhomes.com/i/gause-real-estate,https://www.collegestationhomes.com/listing-report/Gause-Real-Estate/2983688
https://search.collegestationhomes.com/i/giddings-real-estate,https://www.collegestationhomes.com/listing-report/Giddings-Real-Estate/2984143
https://search.collegestationhomes.com/i/golf-course-homes,https://www.collegestationhomes.com/listing-report/Golf-Course-Homes/2983689
https://search.collegestationhomes.com/i/grapeland-real-estate,https://www.collegestationhomes.com/listing-report/Grapeland-Real-Estate/2984144
https://search.collegestationhomes.com/i/groesbeck-real-estate,https://www.collegestationhomes.com/listing-report/Groesbeck-Real-Estate/2983690
https://search.collegestationhomes.com/i/hearne-real-estate,https://www.collegestationhomes.com/listing-report/Hearne-Real-Estate/2983691
https://search.collegestationhomes.com/i/hempstead-real-estate,https://www.collegestationhomes.com/listing-report/Hempstead-Real-Estate/2984146
https://search.collegestationhomes.com/i/hilltop-lakes-real-estate,https://www.collegestationhomes.com/listing-report/Hilltop-Lakes-Real-Estate/2983692
https://search.collegestationhomes.com/i/iola-real-estate,https://www.collegestationhomes.com/listing-report/Iola-Real-Estate/2983693
https://search.collegestationhomes.com/i/jewett-real-estate,https://www.collegestationhomes.com/listing-report/Jewett-Real-Estate/2984147
https://search.collegestationhomes.com/i/kosse-real-estate,https://www.collegestationhomes.com/listing-report/Kosse-Real-Estate/2984148
https://search.collegestationhomes.com/i/lake-limestone-real-estate,https://www.collegestationhomes.com/listing-report/Lake-Limestone-Real-Estate/2984149
https://search.collegestationhomes.com/i/leona-real-estate,https://www.collegestationhomes.com/listing-report/Leona-Real-Estate/2984150
https://search.collegestationhomes.com/i/lexington-real-estate,https://www.collegestationhomes.com/listing-report/Lexington-Real-Estate/2984151
https://search.collegestationhomes.com/i/luxury-homes-for-sale,https://www.collegestationhomes.com/listing-report/Luxury-Listings/2979721
https://search.collegestationhomes.com/i/lyons-real-estate,https://www.collegestationhomes.com/listing-report/Lyons-Real-Estate/2983697
https://search.collegestationhomes.com/i/madisonville-real-estate,https://www.collegestationhomes.com/listing-report/Madisonville-Real-Estate/2983698
https://search.collegestationhomes.com/i/marquez-real-estate,https://www.collegestationhomes.com/listing-report/Marquez-Real-Estate/2984152
https://search.collegestationhomes.com/i/milano-real-estate,https://www.collegestationhomes.com/listing-report/Milano-Real-Estate/2983699
https://search.collegestationhomes.com/i/millican-real-estate,https://www.collegestationhomes.com/listing-report/Millican-Real-Estate/2983751
https://search.collegestationhomes.com/i/navasota-real-estate,https://www.collegestationhomes.com/listing-report/Navasota-Real-Estate/2983752
https://search.collegestationhomes.com/i/normangee-real-estate,https://www.collegestationhomes.com/listing-report/Normangee-Real-Estate/2983754
https://search.collegestationhomes.com/i/north-zulch-real-estate,https://www.collegestationhomes.com/listing-report/North-Zulch-Real-Estate/2983755
https://search.collegestationhomes.com/i/open-houses-in-bryan-tx,https://www.collegestationhomes.com/listing-report/Open-Houses-in-Bryan-TX/2983756
https://search.collegestationhomes.com/i/open-houses-in-college-station,https://www.collegestationhomes.com/listing-report/Open-Houses-in-College-Station/2983759
https://search.collegestationhomes.com/i/patio-homes-for-sale-in-bryan-tx,https://www.collegestationhomes.com/listing-report/Patio-Homes-for-Sale-in-Bryan-TX/2983762
https://search.collegestationhomes.com/i/plantersville-real-estate,https://www.collegestationhomes.com/listing-report/Plantersville-Real-Estate/2984153
https://search.collegestationhomes.com/i/rentals,https://www.collegestationhomes.com/listing-report/Rentals/2983776
https://search.collegestationhomes.com/i/richards-real-estate,https://www.collegestationhomes.com/listing-report/Richards-Real-Estate/2983791
https://search.collegestationhomes.com/i/rockdale-real-estate,https://www.collegestationhomes.com/listing-report/Rockdale-Real-Estate/2983792
https://search.collegestationhomes.com/i/snook-real-estate,https://www.collegestationhomes.com/listing-report/Snook-Real-Estate/2983793
https://search.collegestationhomes.com/i/sommerville-real-estate,https://www.collegestationhomes.com/listing-report/Sommerville-Real-Estate/2983795
https://search.collegestationhomes.com/i/thorndale-real-estate,https://www.collegestationhomes.com/listing-report/Thorndale-Real-Estate/2984154
https://search.collegestationhomes.com/i/townhomes-for-sale-in-bryan-tx,https://www.collegestationhomes.com/listing-report/Townhomes-for-Sale-in-Bryan-TX/2983821
https://search.collegestationhomes.com/i/townhomes-for-sale-in-college-station,https://www.collegestationhomes.com/listing-report/Townhomes-for-Sale-in-College-Station/2983838
https://search.collegestationhomes.com/i/wheelock-real-estate,https://www.collegestationhomes.com/listing-report/Wheelock-Real-Estate/2983851
