source,target,code,match
https://search.obxlistings.com/idx/search/advanced,https://www.obxlistings.com/homes-for-sale-search/,301,url
https://search.obxlistings.com/idx/featured,https://www.obxlistings.com/homes-for-sale-featured/,301,url
https://search.obxlistings.com/idx/market-reports,https://www.obxlistings.com/homes-for-sale-search,301,url
https://search.obxlistings.com/idx/mortgage,https://www.obxlistings.com/mortgage-calculator/,301,url
https://search.obxlistings.com/idx/homevaluation,https://www.obxlistings.com/valuation-form/,301,url
https://search.obxlistings.com/idx/roster,https://www.obxlistings.com/agent-list/,301,url
https://search.obxlistings.com/idx/search/address,https://www.obxlistings.com/homes-for-sale-search/,301,url
https://search.obxlistings.com/idx/search/smart,https://www.obxlistings.com/homes-for-sale-search/,301,url
https://search.obxlistings.com/idx/search/basic,https://www.obxlistings.com/homes-for-sale-search/,301,url
https://search.obxlistings.com/idx/search/emailupdatesignup,https://www.obxlistings.com/homes-for-sale-search/,301,url
https://search.obxlistings.com/idx/search/listingid,https://www.obxlistings.com/homes-for-sale-search/,301,url
https://search.obxlistings.com/idx/map/mapsearch,https://www.obxlistings.com/homes-for-sale-search/,301,url
https://search.obxlistings.com/idx/featuredopenhouse,https://www.obxlistings.com/open-home-search/,301,url
https://search.obxlistings.com/idx/featuredvirtualtour,https://www.obxlistings.com/homes-for-sale-search/,301,url
https://search.obxlistings.com/idx/soldpending,https://www.obxlistings.com/sold-featured-listing/,301,url
https://search.obxlistings.com/idx/supplemental,https://www.obxlistings.com/supplemental-listing/,301,url
https://search.obxlistings.com/idx/linkshowcase,https://www.obxlistings.com/homes-for-sale-search/,301,url
https://search.obxlistings.com/idx/contact,https://www.obxlistings.com/contact-us/,301,url
https://search.obxlistings.com/idx/userlogin,https://www.obxlistings.com/property-organizer-login/,301,url
https://search.obxlistings.com/idx/usersignup,https://www.obxlistings.com/property-organizer-login/?section=signin,301,url
https://search.obxlistings.com/idx/searchbycity,https://www.obxlistings.com/homes-for-sale-search/,301,url
https://search.obxlistings.com/idx/sitemap,https://www.obxlistings.com/homes-for-sale-search/,301,url
https://search.obxlistings.com/i/101-s-flats-manteo,,301,url
https://search.obxlistings.com/i/158-four-seasons-lane,,301,url
https://search.obxlistings.com/i/200,,301,url
https://search.obxlistings.com/i/200250,,301,url
https://search.obxlistings.com/i/204dannylanekittyhawknc,,301,url
https://search.obxlistings.com/i/250300,,301,url
https://search.obxlistings.com/i/4038-4040-s-virginia-dare-trail,,301,url
https://search.obxlistings.com/i/613brio,,301,url
https://search.obxlistings.com/i/aaronadams,,301,url
https://search.obxlistings.com/i/adambesthoff,,301,url
https://search.obxlistings.com/i/adamchrisco,,301,url
https://search.obxlistings.com/i/admirals-view,,301,url
https://search.obxlistings.com/i/affordable-kill-devil-hills,,301,url
https://search.obxlistings.com/i/affordable-kitty-hawk-homes,,301,url
https://search.obxlistings.com/i/affordable-outer-banks-homes,,301,url
https://search.obxlistings.com/i/affordable-search-corolla,,301,url
https://search.obxlistings.com/i/affordable-search-duck,,301,url
https://search.obxlistings.com/i/affordable-search-nags-head,,301,url
https://search.obxlistings.com/i/affordable-search-southern-shores,,301,url
https://search.obxlistings.com/i/afmk,,301,url
https://search.obxlistings.com/i/afmk2,,301,url
https://search.obxlistings.com/i/ajarun,,301,url
https://search.obxlistings.com/i/ajarun3,,301,url
https://search.obxlistings.com/i/ajarun2,,301,url
https://search.obxlistings.com/i/alexchandler,,301,url
https://search.obxlistings.com/i/amccraw3,,301,url
https://search.obxlistings.com/i/anderson83032,,301,url
https://search.obxlistings.com/i/anderson8303,,301,url
https://search.obxlistings.com/i/angelahissong,,301,url
https://search.obxlistings.com/i/annemichelini,,301,url
https://search.obxlistings.com/i/annemichelini8,,301,url
https://search.obxlistings.com/i/anthonyarcuri,,301,url
https://search.obxlistings.com/i/apills2,,301,url
https://search.obxlistings.com/i/apillsbury2,,301,url
https://search.obxlistings.com/i/aubry2,,301,url
https://search.obxlistings.com/i/aubry3,,301,url
https://search.obxlistings.com/i/aubryleonarenee,,301,url
https://search.obxlistings.com/i/avon-oceanside-homes-for-sale,,301,url
https://search.obxlistings.com/i/avon-soundside-homes-for-sale,,301,url
https://search.obxlistings.com/i/avonnchomesforsale,,301,url
https://search.obxlistings.com/i/barbaralevenson,,301,url
https://search.obxlistings.com/i/barbaralevenson2,,301,url
https://search.obxlistings.com/i/basketcase3,,301,url
https://search.obxlistings.com/i/basketcase4,,301,url
https://search.obxlistings.com/i/basketcase5,,301,url
https://search.obxlistings.com/i/bay-ridge-kitty-hawk-real-estate,,301,url
https://search.obxlistings.com/i/bethdobneygarciaforcynthiajohnson,,301,url
https://search.obxlistings.com/i/bethdobneygarciafordennishitchcock,,301,url
https://search.obxlistings.com/i/bethdobneygarciaforjackhealy,,301,url
https://search.obxlistings.com/i/bethdobneygarciaforjeff,,301,url
https://search.obxlistings.com/i/bethdobneygarciaforjillmiller,,301,url
https://search.obxlistings.com/i/bethdobneygarciaforjimbolin,,301,url
https://search.obxlistings.com/i/bethdobneygarciaforkaywilliams,,301,url
https://search.obxlistings.com/i/bethdobneygarciaforlewis,,301,url
https://search.obxlistings.com/i/bethdobneygarciaforlindaandvince,,301,url
https://search.obxlistings.com/i/bethdobneygarciaformikewoody,,301,url
https://search.obxlistings.com/i/bethdobneygarciaformillislooney,,301,url
https://search.obxlistings.com/i/bethdobneygarciaforpaul,,301,url
https://search.obxlistings.com/i/bethdobneygarciaforronanddenise,,301,url
https://search.obxlistings.com/i/bethdobneygarciamartinspoint,,301,url
https://search.obxlistings.com/i/bethdobneygarciapiratescove,,301,url
https://search.obxlistings.com/i/bethyoung,,301,url
https://search.obxlistings.com/i/billp,,301,url
https://search.obxlistings.com/i/billsharp,,301,url
https://search.obxlistings.com/i/billsharp2,,301,url
https://search.obxlistings.com/i/billsharp3,,301,url
https://search.obxlistings.com/i/bltweeks3,,301,url
https://search.obxlistings.com/i/bltweeks4,,301,url
https://search.obxlistings.com/i/boggs,,301,url
https://search.obxlistings.com/i/boggsbj3,,301,url
https://search.obxlistings.com/i/boggsbj4,,301,url
https://search.obxlistings.com/i/boksummers,,301,url
https://search.obxlistings.com/i/bradward,,301,url
https://search.obxlistings.com/i/bradward2,,301,url
https://search.obxlistings.com/i/brianclarkson,,301,url
https://search.obxlistings.com/i/brianclarkson2,,301,url
https://search.obxlistings.com/i/brianclarkson3,,301,url
https://search.obxlistings.com/i/briankisner,,301,url
https://search.obxlistings.com/i/buck-island-homes,,301,url
https://search.obxlistings.com/i/buckislandcorollanchomesforsale,,301,url
https://search.obxlistings.com/i/buckislandnchomesforsale,,301,url
https://search.obxlistings.com/i/buckislandrealestateforsale,,301,url
https://search.obxlistings.com/i/butterfoss2,,301,url
https://search.obxlistings.com/i/butterfossjd,,301,url
https://search.obxlistings.com/i/buxton-land-for-sale,,301,url
https://search.obxlistings.com/i/buxtonnchomesforsale,,301,url
https://search.obxlistings.com/i/cait,,301,url
https://search.obxlistings.com/i/caitelizabeth,,301,url
https://search.obxlistings.com/i/caitelizabeth13,,301,url
https://search.obxlistings.com/i/camaro4,,301,url
https://search.obxlistings.com/i/camaroz282,,301,url
https://search.obxlistings.com/i/carolthomas,,301,url
https://search.obxlistings.com/i/carolthomas3,,301,url
https://search.obxlistings.com/i/carolinaclubgrandynchomesforsale,,301,url
https://search.obxlistings.com/i/carolinaclubnchomesforsale,,301,url
https://search.obxlistings.com/i/carova-homes-1000000,,301,url
https://search.obxlistings.com/i/carova-homes-200000,,301,url
https://search.obxlistings.com/i/carova-homes-200000-300000,,301,url
https://search.obxlistings.com/i/carova-homes-300000-400000,,301,url
https://search.obxlistings.com/i/carova-homes-300000-600000,,301,url
https://search.obxlistings.com/i/carova-homes-400000-500000,,301,url
https://search.obxlistings.com/i/carova-homes-500000-600000,,301,url
https://search.obxlistings.com/i/carova-homes-600000-700000,,301,url
https://search.obxlistings.com/i/carova-homes-600000-800000,,301,url
https://search.obxlistings.com/i/carova-homes-700000-800000,,301,url
https://search.obxlistings.com/i/carova-homes-800000-1000000,,301,url
https://search.obxlistings.com/i/carova-land,,301,url
https://search.obxlistings.com/i/carova-new-listing,,301,url
https://search.obxlistings.com/i/carova-oceanfront,,301,url
https://search.obxlistings.com/i/carova-oceanside,,301,url
https://search.obxlistings.com/i/carova-soundfront,,301,url
https://search.obxlistings.com/i/cewsurf3,,301,url
https://search.obxlistings.com/i/charlesmckenney,,301,url
https://search.obxlistings.com/i/chellhoskins,,301,url
https://search.obxlistings.com/i/cherylgraham,,301,url
https://search.obxlistings.com/i/cherylgraham2,,301,url
https://search.obxlistings.com/i/cherylgraham3,,301,url
https://search.obxlistings.com/i/chicahauknchomesforsale,,301,url
https://search.obxlistings.com/i/chicahauksouthernshoresnchomesforsale,,301,url
https://search.obxlistings.com/i/chrisajgators,,301,url
https://search.obxlistings.com/i/chrismasica2,,301,url
https://search.obxlistings.com/i/chrisyounger,,301,url
https://search.obxlistings.com/i/chrisyoungr,,301,url
https://search.obxlistings.com/i/chrisyoungr2,,301,url
https://search.obxlistings.com/i/cindyfrancis,,301,url
https://search.obxlistings.com/i/cindyramsey,,301,url
https://search.obxlistings.com/i/cindyramsey2,,301,url
https://search.obxlistings.com/i/cindyramsey3,,301,url
https://search.obxlistings.com/i/cindyramsey4,,301,url
https://search.obxlistings.com/i/cindyramsey5,,301,url
https://search.obxlistings.com/i/colingtonharbourhomesforsale,,301,url
https://search.obxlistings.com/i/colingtonharbournchomesforsale,,301,url
https://search.obxlistings.com/i/colingtonnchomesforsale,,301,url
https://search.obxlistings.com/i/copeman,,301,url
https://search.obxlistings.com/i/corolla-condo-and-townhouse,,301,url
https://search.obxlistings.com/i/corolla-homes-1000000,,301,url
https://search.obxlistings.com/i/corolla-homes-200000,,301,url
https://search.obxlistings.com/i/corolla-homes-200000-300000,,301,url
https://search.obxlistings.com/i/corolla-homes-300000-400000,,301,url
https://search.obxlistings.com/i/corolla-homes-300000-600000,,301,url
https://search.obxlistings.com/i/corolla-homes-400000-500000,,301,url
https://search.obxlistings.com/i/corolla-homes-500000-600000,,301,url
https://search.obxlistings.com/i/corolla-homes-600000-700000,,301,url
https://search.obxlistings.com/i/corolla-homes-600000-800000,,301,url
https://search.obxlistings.com/i/corolla-homes-700000-800000,,301,url
https://search.obxlistings.com/i/corolla-homes-800000-1000000,,301,url
https://search.obxlistings.com/i/corolla-homes-for-sale,,301,url
https://search.obxlistings.com/i/corolla-land,,301,url
https://search.obxlistings.com/i/corolla-light-homes,,301,url
https://search.obxlistings.com/i/corolla-nc-homes-for-sale,,301,url
https://search.obxlistings.com/i/corolla-nc-waterfront-homes,,301,url
https://search.obxlistings.com/i/corolla-new-listings,,301,url
https://search.obxlistings.com/i/corolla-waterfront-homes,,301,url
https://search.obxlistings.com/i/corollalightcorollanchomesforsale,,301,url
https://search.obxlistings.com/i/corollalightnchomesforsale,,301,url
https://search.obxlistings.com/i/corollalightouterbanksrealestateforsale,,301,url
https://search.obxlistings.com/i/corollanchomesforsale,,301,url
https://search.obxlistings.com/i/corollarealestateforsale,,301,url
https://search.obxlistings.com/i/courtpowell3,,301,url
https://search.obxlistings.com/i/courtneykidsbeavercreek,,301,url
https://search.obxlistings.com/i/craiggolfcourse,,301,url
https://search.obxlistings.com/i/craigothers,,301,url
https://search.obxlistings.com/i/crb580,,301,url
https://search.obxlistings.com/i/crbooberry,,301,url
https://search.obxlistings.com/i/croatansurfclubcondosforsale,,301,url
https://search.obxlistings.com/i/croatansurfclubkilldevilhillsnccondosforsale,,301,url
https://search.obxlistings.com/i/croatansurfclubncoceanfrontcondosforsale,,301,url
https://search.obxlistings.com/i/currituck-club-homes,,301,url
https://search.obxlistings.com/i/currituckkittyhawkandsouthernshoresforeclosures,,301,url
https://search.obxlistings.com/i/curritucksouthernshoreskittyhawkforeclosures,,301,url
https://search.obxlistings.com/i/cynthiajohnson,,301,url
https://search.obxlistings.com/i/cynthiajohnson2,,301,url
https://search.obxlistings.com/i/dkearney,,301,url
https://search.obxlistings.com/i/darrellwilson,,301,url
https://search.obxlistings.com/i/darrellwilson3,,301,url
https://search.obxlistings.com/i/davem,,301,url
https://search.obxlistings.com/i/davemaxalea,,301,url
https://search.obxlistings.com/i/davemaxalea3,,301,url
https://search.obxlistings.com/i/davemaxalea4,,301,url
https://search.obxlistings.com/i/davemaxaleacom,,301,url
https://search.obxlistings.com/i/dbirley3,,301,url
https://search.obxlistings.com/i/dbirley4,,301,url
https://search.obxlistings.com/i/dennishitchcock,,301,url
https://search.obxlistings.com/i/dez914,,301,url
https://search.obxlistings.com/i/dhitch,,301,url
https://search.obxlistings.com/i/dhitchcock,,301,url
https://search.obxlistings.com/i/dhitchcock4,,301,url
https://search.obxlistings.com/i/dhushion3,,301,url
https://search.obxlistings.com/i/dorisarabia,,301,url
https://search.obxlistings.com/i/duck-condos-and-townhouses-for-sale,,301,url
https://search.obxlistings.com/i/duck-homes-1000000,,301,url
https://search.obxlistings.com/i/duck-homes-200000,,301,url
https://search.obxlistings.com/i/duck-homes-200000-300000-for-sale,,301,url
https://search.obxlistings.com/i/duck-homes-300000-400000,,301,url
https://search.obxlistings.com/i/duck-homes-300000-600000,,301,url
https://search.obxlistings.com/i/duck-homes-400000-500000,,301,url
https://search.obxlistings.com/i/duck-homes-500000-600000,,301,url
https://search.obxlistings.com/i/duck-homes-600000-700000,,301,url
https://search.obxlistings.com/i/duck-homes-600000-800000,,301,url
https://search.obxlistings.com/i/duck-homes-700000-800000,,301,url
https://search.obxlistings.com/i/duck-homes-800000-1000000,,301,url
https://search.obxlistings.com/i/duck-land,,301,url
https://search.obxlistings.com/i/duck-new-listings,,301,url
https://search.obxlistings.com/i/duckandcorollaoceanfrontsforsale,,301,url
https://search.obxlistings.com/i/ducklandingducknchomesforsale,,301,url
https://search.obxlistings.com/i/ducklandingnchomesforsale,,301,url
https://search.obxlistings.com/i/ducknchomesforsale,,301,url
https://search.obxlistings.com/i/duckrealestateforsale,,301,url
https://search.obxlistings.com/i/dwhite3,,301,url
https://search.obxlistings.com/i/dwhite4,,301,url
https://search.obxlistings.com/i/dwppac,,301,url
https://search.obxlistings.com/i/ecucrow,,301,url
https://search.obxlistings.com/i/egtcassel4,,301,url
https://search.obxlistings.com/i/egtcassel5,,301,url
https://search.obxlistings.com/i/egtcassell3,,301,url
https://search.obxlistings.com/i/elizaobst,,301,url
https://search.obxlistings.com/i/elizaobst2,,301,url
https://search.obxlistings.com/i/elizabethannesandel,,301,url
https://search.obxlistings.com/i/ericrussell,,301,url
https://search.obxlistings.com/i/ericrussell2,,301,url
https://search.obxlistings.com/i/erickasingleton,,301,url
https://search.obxlistings.com/i/erickasingleton2,,301,url
https://search.obxlistings.com/i/eulers3,,301,url
https://search.obxlistings.com/i/eulers4,,301,url
https://search.obxlistings.com/i/eulers5,,301,url
https://search.obxlistings.com/i/evafrancis,,301,url
https://search.obxlistings.com/i/evafrancis2,,301,url
https://search.obxlistings.com/i/fayemorris,,301,url
https://search.obxlistings.com/i/fayemorris2,,301,url
https://search.obxlistings.com/i/featured-properties,,301,url
https://search.obxlistings.com/i/firstflightridgekittyhawknchomesforsale,,301,url
https://search.obxlistings.com/i/firstflightridgenchomesforsale,,301,url
https://search.obxlistings.com/i/fourseasonsducknchomesforsale,,301,url
https://search.obxlistings.com/i/fourseasonsduckrealestateforsale,,301,url
https://search.obxlistings.com/i/fourseasonsnchomesforsale,,301,url
https://search.obxlistings.com/i/fourseasonsrealestateouterbanks,,301,url
https://search.obxlistings.com/i/fredpowell2,,301,url
https://search.obxlistings.com/i/fredpowell3,,301,url
https://search.obxlistings.com/i/frisconchomesforsale,,301,url
https://search.obxlistings.com/i/garjenlop2,,301,url
https://search.obxlistings.com/i/genemarcelli,,301,url
https://search.obxlistings.com/i/genemarcelli2,,301,url
https://search.obxlistings.com/i/geoffmcclure,,301,url
https://search.obxlistings.com/i/georgestuart,,301,url
https://search.obxlistings.com/i/georgestuart4,,301,url
https://search.obxlistings.com/i/georgetown-sands,,301,url
https://search.obxlistings.com/i/gregstromberg,,301,url
https://search.obxlistings.com/i/gregstromberg2,,301,url
https://search.obxlistings.com/i/gregwatts,,301,url
https://search.obxlistings.com/i/gregwatts2,,301,url
https://search.obxlistings.com/i/harbourbaykittyhawknchomesforsale,,301,url
https://search.obxlistings.com/i/harpermatthews,,301,url
https://search.obxlistings.com/i/hatteras-homes,,301,url
https://search.obxlistings.com/i/hatteras-land,,301,url
https://search.obxlistings.com/i/hatteras-new-listings,,301,url
https://search.obxlistings.com/i/hatteras-oceanfront,,301,url
https://search.obxlistings.com/i/hatteras-soundfront,,301,url
https://search.obxlistings.com/i/hatterasnchomesforsale,,301,url
https://search.obxlistings.com/i/hbbtyoung,,301,url
https://search.obxlistings.com/i/homes-for-sale-in-avon-nc,,301,url
https://search.obxlistings.com/i/homes-for-sale-in-avon-nc-for-1000000,,301,url
https://search.obxlistings.com/i/homes-for-sale-in-avon-nc-for-200000-300000,,301,url
https://search.obxlistings.com/i/homes-for-sale-in-avon-nc-for-300000-400000,,301,url
https://search.obxlistings.com/i/homes-for-sale-in-avon-nc-for-400000-500000,,301,url
https://search.obxlistings.com/i/homes-for-sale-in-avon-nc-for-500000-600000,,301,url
https://search.obxlistings.com/i/homes-for-sale-in-avon-nc-for-600000-700000,,301,url
https://search.obxlistings.com/i/homes-for-sale-in-avon-nc-for-700000-800000,,301,url
https://search.obxlistings.com/i/homes-for-sale-in-avon-nc-for-800000-1000000,,301,url
https://search.obxlistings.com/i/homes-for-sale-in-avon-nc-for-less-than-200000,,301,url
https://search.obxlistings.com/i/homes-for-sale-in-baydune-hatteras-nc,,301,url
https://search.obxlistings.com/i/homes-for-sale-in-brigands-bay-frisco,,301,url
https://search.obxlistings.com/i/homes-for-sale-in-buxton-nc-for-1000000,,301,url
https://search.obxlistings.com/i/homes-for-sale-in-buxton-nc-for-200000-300000,,301,url
https://search.obxlistings.com/i/homes-for-sale-in-buxton-nc-for-300000-400000,,301,url
https://search.obxlistings.com/i/homes-for-sale-in-buxton-nc-for-400000-500000,,301,url
https://search.obxlistings.com/i/homes-for-sale-in-buxton-nc-for-500000-600000,,301,url
https://search.obxlistings.com/i/homes-for-sale-in-buxton-nc-for-600000-700000,,301,url
https://search.obxlistings.com/i/homes-for-sale-in-buxton-nc-for-700000-800000,,301,url
https://search.obxlistings.com/i/homes-for-sale-in-buxton-nc-for-800000-1000000,,301,url
https://search.obxlistings.com/i/homes-for-sale-in-buxton-nc-for-less-than-200000,,301,url
https://search.obxlistings.com/i/homes-for-sale-in-buxton-woods-buxton-nc,,301,url
https://search.obxlistings.com/i/homes-for-sale-in-corolla-nc,,301,url
https://search.obxlistings.com/i/homes-for-sale-in-duck-,,301,url
https://search.obxlistings.com/i/homes-for-sale-in-duck-nc,,301,url
https://search.obxlistings.com/i/homes-for-sale-in-farrow-shores-salvo,,301,url
https://search.obxlistings.com/i/homes-for-sale-in-frisco-nc-for-1000000,,301,url
https://search.obxlistings.com/i/homes-for-sale-in-frisco-nc-for-200000-300000,,301,url
https://search.obxlistings.com/i/homes-for-sale-in-frisco-nc-for-300000-400000,,301,url
https://search.obxlistings.com/i/homes-for-sale-in-frisco-nc-for-400000-500000,,301,url
https://search.obxlistings.com/i/homes-for-sale-in-frisco-nc-for-500000-600000,,301,url
https://search.obxlistings.com/i/homes-for-sale-in-frisco-nc-for-600000-700000,,301,url
https://search.obxlistings.com/i/homes-for-sale-in-frisco-nc-for-700000-800000,,301,url
https://search.obxlistings.com/i/homes-for-sale-in-frisco-nc-for-800000-1000000,,301,url
https://search.obxlistings.com/i/homes-for-sale-in-frisco-nc-for-less-than-200000-,,301,url
https://search.obxlistings.com/i/homes-for-sale-in-hatteras-by-the-sea-hatteras-nc,,301,url
https://search.obxlistings.com/i/homes-for-sale-in-hatteras-colony-avon,,301,url
https://search.obxlistings.com/i/homes-for-sale-in-hatteras-colony-salvo,,301,url
https://search.obxlistings.com/i/homes-for-sale-in-hatteras-landing-hatteras-nc,,301,url
https://search.obxlistings.com/i/homes-for-sale-in-hatteras-nc-for-1000000,,301,url
https://search.obxlistings.com/i/homes-for-sale-in-hatteras-nc-for-200000-300000,,301,url
https://search.obxlistings.com/i/homes-for-sale-in-hatteras-nc-for-300000-400000,,301,url
https://search.obxlistings.com/i/homes-for-sale-in-hatteras-nc-for-400000-500000,,301,url
https://search.obxlistings.com/i/homes-for-sale-in-hatteras-nc-for-500000-600000,,301,url
https://search.obxlistings.com/i/homes-for-sale-in-hatteras-nc-for-600000-700000,,301,url
https://search.obxlistings.com/i/homes-for-sale-in-hatteras-nc-for-700000-800000,,301,url
https://search.obxlistings.com/i/homes-for-sale-in-hatteras-nc-for-800000-1000000,,301,url
https://search.obxlistings.com/i/homes-for-sale-in-hatteras-nc-for-less-than-200000,,301,url
https://search.obxlistings.com/i/homes-for-sale-in-la-waves,,301,url
https://search.obxlistings.com/i/homes-for-sale-in-marlin-village-frisco,,301,url
https://search.obxlistings.com/i/homes-for-sale-in-pine-island-corolla,,301,url
https://search.obxlistings.com/i/homes-for-sale-in-rodanthe-nc-for-1000000,,301,url
https://search.obxlistings.com/i/homes-for-sale-in-rodanthe-nc-for-200000-300000,,301,url
https://search.obxlistings.com/i/homes-for-sale-in-rodanthe-nc-for-300000-400000,,301,url
https://search.obxlistings.com/i/homes-for-sale-in-rodanthe-nc-for-400000-500000,,301,url
https://search.obxlistings.com/i/homes-for-sale-in-rodanthe-nc-for-500000-600000,,301,url
https://search.obxlistings.com/i/homes-for-sale-in-rodanthe-nc-for-600000-700000,,301,url
https://search.obxlistings.com/i/homes-for-sale-in-rodanthe-nc-for-700000-800000,,301,url
https://search.obxlistings.com/i/homes-for-sale-in-rodanthe-nc-for-800000-1000000,,301,url
https://search.obxlistings.com/i/homes-for-sale-in-rodanthe-nc-for-less-than-200000,,301,url
https://search.obxlistings.com/i/homes-for-sale-in-salvo-beach,,301,url
https://search.obxlistings.com/i/homes-for-sale-in-salvo-for-1000000,,301,url
https://search.obxlistings.com/i/homes-for-sale-in-salvo-nc,,301,url
https://search.obxlistings.com/i/homes-for-sale-in-salvo-nc-for-200000-300000,,301,url
https://search.obxlistings.com/i/homes-for-sale-in-salvo-nc-for-300000-400000,,301,url
https://search.obxlistings.com/i/homes-for-sale-in-salvo-nc-for-400000-500000,,301,url
https://search.obxlistings.com/i/homes-for-sale-in-salvo-nc-for-500000-600000,,301,url
https://search.obxlistings.com/i/homes-for-sale-in-salvo-nc-for-600000-700000,,301,url
https://search.obxlistings.com/i/homes-for-sale-in-salvo-nc-for-700000-800000,,301,url
https://search.obxlistings.com/i/homes-for-sale-in-salvo-nc-for-800000-1000000,,301,url
https://search.obxlistings.com/i/homes-for-sale-in-salvo-nc-for-less-than-200000,,301,url
https://search.obxlistings.com/i/homes-for-sale-in-sea-isle-hills-waves,,301,url
https://search.obxlistings.com/i/homes-for-sale-in-seagate-west-buxton-nc,,301,url
https://search.obxlistings.com/i/homes-for-sale-in-south-beach,,301,url
https://search.obxlistings.com/i/homes-for-sale-in-st-waves,,301,url
https://search.obxlistings.com/i/homes-for-sale-in-surf-sound-frisco,,301,url
https://search.obxlistings.com/i/homes-for-sale-in-the-4wd-area-of-corolla,,301,url
https://search.obxlistings.com/i/homes-for-sale-in-tower-beach-buxton,,301,url
https://search.obxlistings.com/i/homes-for-sale-in-waves-nc,,301,url
https://search.obxlistings.com/i/homes-for-sale-in-waves-nc-for-200000-300000,,301,url
https://search.obxlistings.com/i/homes-for-sale-in-waves-nc-for-300000-400000,,301,url
https://search.obxlistings.com/i/homes-for-sale-in-waves-nc-for-400000-500000,,301,url
https://search.obxlistings.com/i/homes-for-sale-in-waves-nc-for-500000-600000,,301,url
https://search.obxlistings.com/i/homes-for-sale-in-waves-nc-for-600000-700000,,301,url
https://search.obxlistings.com/i/homes-for-sale-in-waves-nc-for-700000-800000,,301,url
https://search.obxlistings.com/i/homes-for-sale-in-waves-nc-for-800000-1000000,,301,url
https://search.obxlistings.com/i/homes-for-sale-in-waves-nc-for-less-than-200000-,,301,url
https://search.obxlistings.com/i/homes-for-sale-in-wind-haven-shores-frisco,,301,url
https://search.obxlistings.com/i/homes-for-sale-in-wind-over-waves,,301,url
https://search.obxlistings.com/i/homes-for-sale-in-windsong-sands-avon-nc,,301,url
https://search.obxlistings.com/i/homes-for-sale-on-the-oceanside-of-waves,,301,url
https://search.obxlistings.com/i/homesforsaleinthecurrituckclub,,301,url
https://search.obxlistings.com/i/homesites-for-sale-in-the-4wd-area-,,301,url
https://search.obxlistings.com/i/i2sirius2,,301,url
https://search.obxlistings.com/i/ignacio,,301,url
https://search.obxlistings.com/i/ignacio2,,301,url
https://search.obxlistings.com/i/ignacio4,,301,url
https://search.obxlistings.com/i/ignacio5,,301,url
https://search.obxlistings.com/i/jackhealy3,,301,url
https://search.obxlistings.com/i/jamespessagno,,301,url
https://search.obxlistings.com/i/jamz2,,301,url
https://search.obxlistings.com/i/jamzthom,,301,url
https://search.obxlistings.com/i/jamzthom4,,301,url
https://search.obxlistings.com/i/janmarielandis,,301,url
https://search.obxlistings.com/i/janmarielandis3,,301,url
https://search.obxlistings.com/i/jayandrhonda,,301,url
https://search.obxlistings.com/i/jaycrestducknchomesforsale,,301,url
https://search.obxlistings.com/i/jcosgrove3,,301,url
https://search.obxlistings.com/i/jeffanddianewhite,,301,url
https://search.obxlistings.com/i/jeffdipaola,,301,url
https://search.obxlistings.com/i/jefffoster,,301,url
https://search.obxlistings.com/i/jenniferrobins,,301,url
https://search.obxlistings.com/i/jhmartz,,301,url
https://search.obxlistings.com/i/jhmartz9113,,301,url
https://search.obxlistings.com/i/jillmansfield2,,301,url
https://search.obxlistings.com/i/jillmansfield3,,301,url
https://search.obxlistings.com/i/jillmiller,,301,url
https://search.obxlistings.com/i/jimbolin,,301,url
https://search.obxlistings.com/i/jimreynolds,,301,url
https://search.obxlistings.com/i/jimreynolds2,,301,url
https://search.obxlistings.com/i/jking2,,301,url
https://search.obxlistings.com/i/jking3,,301,url
https://search.obxlistings.com/i/jking4,,301,url
https://search.obxlistings.com/i/jlangelo3,,301,url
https://search.obxlistings.com/i/jlangelo4,,301,url
https://search.obxlistings.com/i/jmartin,,301,url
https://search.obxlistings.com/i/jmartin2,,301,url
https://search.obxlistings.com/i/jodidobmeier,,301,url
https://search.obxlistings.com/i/joemaus,,301,url
https://search.obxlistings.com/i/joem,,301,url
https://search.obxlistings.com/i/joem3,,301,url
https://search.obxlistings.com/i/johncharles,,301,url
https://search.obxlistings.com/i/johnkeyser,,301,url
https://search.obxlistings.com/i/johnking,,301,url
https://search.obxlistings.com/i/johnmartz,,301,url
https://search.obxlistings.com/i/johnmartz4,,301,url
https://search.obxlistings.com/i/johnmazza,,301,url
https://search.obxlistings.com/i/johnmazza3,,301,url
https://search.obxlistings.com/i/joncava,,301,url
https://search.obxlistings.com/i/jsthomas,,301,url
https://search.obxlistings.com/i/jsanderson,,301,url
https://search.obxlistings.com/i/jsanderson2,,301,url
https://search.obxlistings.com/i/jsanderson3,,301,url
https://search.obxlistings.com/i/judyanderson,,301,url
https://search.obxlistings.com/i/jw,,301,url
https://search.obxlistings.com/i/ksibley,,301,url
https://search.obxlistings.com/i/kateashman,,301,url
https://search.obxlistings.com/i/kateashman2,,301,url
https://search.obxlistings.com/i/kathleenduran,,301,url
https://search.obxlistings.com/i/kathleenduran2,,301,url
https://search.obxlistings.com/i/kathygramick,,301,url
https://search.obxlistings.com/i/kathygramick2,,301,url
https://search.obxlistings.com/i/kaywilliams,,301,url
https://search.obxlistings.com/i/kaywilliams3,,301,url
https://search.obxlistings.com/i/kevinakers,,301,url
https://search.obxlistings.com/i/kevshoe2003,,301,url
https://search.obxlistings.com/i/kevshoe2,,301,url
https://search.obxlistings.com/i/kill-devil-hills-between-the-highways,,301,url
https://search.obxlistings.com/i/kill-devil-hills-canalfront,,301,url
https://search.obxlistings.com/i/kill-devil-hills-condos-townhouses,,301,url
https://search.obxlistings.com/i/kill-devil-hills-homes-1000000,,301,url
https://search.obxlistings.com/i/kill-devil-hills-homes-200000,,301,url
https://search.obxlistings.com/i/kill-devil-hills-homes-200000-300000,,301,url
https://search.obxlistings.com/i/kill-devil-hills-homes-300000-400000,,301,url
https://search.obxlistings.com/i/kill-devil-hills-homes-400000-500000,,301,url
https://search.obxlistings.com/i/kill-devil-hills-homes-500000-600000,,301,url
https://search.obxlistings.com/i/kill-devil-hills-homes-600000-700000,,301,url
https://search.obxlistings.com/i/kill-devil-hills-homes-700000-800000,,301,url
https://search.obxlistings.com/i/kill-devil-hills-homes-800000-1000000,,301,url
https://search.obxlistings.com/i/kill-devil-hills-land,,301,url
https://search.obxlistings.com/i/kill-devil-hills-new-listings,,301,url
https://search.obxlistings.com/i/kill-devil-hills-oceanfront,,301,url
https://search.obxlistings.com/i/kill-devil-hills-soundfront,,301,url
https://search.obxlistings.com/i/kill-devil-hills-southern-shores,,301,url
https://search.obxlistings.com/i/kill-devil-hills-westside,,301,url
https://search.obxlistings.com/i/killdevilhillsncrealestateforsale,,301,url
https://search.obxlistings.com/i/killdevilhillsrealestateforsale,,301,url
https://search.obxlistings.com/i/kilmarlicnchomesforsale,,301,url
https://search.obxlistings.com/i/kinnakeet-shores-avon,,301,url
https://search.obxlistings.com/i/kitty-hawk-between-the-highways,,301,url
https://search.obxlistings.com/i/kitty-hawk-canalfront,,301,url
https://search.obxlistings.com/i/kitty-hawk-condos-and-townhouses,,301,url
https://search.obxlistings.com/i/kitty-hawk-estates-real-estate,,301,url
https://search.obxlistings.com/i/kitty-hawk-homes-1000000,,301,url
https://search.obxlistings.com/i/kitty-hawk-homes-200000,,301,url
https://search.obxlistings.com/i/kitty-hawk-homes-200000-300000,,301,url
https://search.obxlistings.com/i/kitty-hawk-homes-300000-400000,,301,url
https://search.obxlistings.com/i/kitty-hawk-homes-300000-600000,,301,url
https://search.obxlistings.com/i/kitty-hawk-homes-400000-500000,,301,url
https://search.obxlistings.com/i/kitty-hawk-homes-500000-600000,,301,url
https://search.obxlistings.com/i/kitty-hawk-homes-600000-700000,,301,url
https://search.obxlistings.com/i/kitty-hawk-homes-600000-800000,,301,url
https://search.obxlistings.com/i/kitty-hawk-homes-700000-800000,,301,url
https://search.obxlistings.com/i/kitty-hawk-homes-800000-1000000,,301,url
https://search.obxlistings.com/i/kitty-hawk-land,,301,url
https://search.obxlistings.com/i/kitty-hawk-new-listings,,301,url
https://search.obxlistings.com/i/kitty-hawk-oceanfront,,301,url
https://search.obxlistings.com/i/kitty-hawk-soundfront,,301,url
https://search.obxlistings.com/i/kitty-hawk-southern-shores,,301,url
https://search.obxlistings.com/i/kitty-hawk-westside,,301,url
https://search.obxlistings.com/i/kitty-hawk-wood-real-estate,,301,url
https://search.obxlistings.com/i/kittyhawkhomesforsale,,301,url
https://search.obxlistings.com/i/kittyhawklandinghomesforsale,,301,url
https://search.obxlistings.com/i/kittyhawklandingnchomesforsale,,301,url
https://search.obxlistings.com/i/kittyhawkncrealestateforsale,,301,url
https://search.obxlistings.com/i/kleniek,,301,url
https://search.obxlistings.com/i/kleniek2,,301,url
https://search.obxlistings.com/i/kleniek3,,301,url
https://search.obxlistings.com/i/kmccavd,,301,url
https://search.obxlistings.com/i/kmccavdaycare3,,301,url
https://search.obxlistings.com/i/kristileniek,,301,url
https://search.obxlistings.com/i/kunrath2,,301,url
https://search.obxlistings.com/i/kunrath3,,301,url
https://search.obxlistings.com/i/land-for-sale-in-avon-nc,,301,url
https://search.obxlistings.com/i/land-for-sale-in-salvo-nc,,301,url
https://search.obxlistings.com/i/laurabeth2,,301,url
https://search.obxlistings.com/i/laurabeth,,301,url
https://search.obxlistings.com/i/laurimlewis,,301,url
https://search.obxlistings.com/i/laurimlewis4,,301,url
https://search.obxlistings.com/i/lexyjohnson,,301,url
https://search.obxlistings.com/i/lindacliff3,,301,url
https://search.obxlistings.com/i/lnsta73,,301,url
https://search.obxlistings.com/i/lnsta74,,301,url
https://search.obxlistings.com/i/luxury-martins-point-,,301,url
https://search.obxlistings.com/i/luxury-obx-oceanfronts-soundfronts,,301,url
https://search.obxlistings.com/i/luxury-oceanfront-homes,,301,url
https://search.obxlistings.com/i/luxury-oceanfront-properties,,301,url
https://search.obxlistings.com/i/luxury-pirates-cove,,301,url
https://search.obxlistings.com/i/luxury-search-buck-island-corolla-nc,,301,url
https://search.obxlistings.com/i/luxury-search-corolla-light-nc,,301,url
https://search.obxlistings.com/i/luxury-search-first-flight-ridge-kitty-hawk-nc,,301,url
https://search.obxlistings.com/i/luxury-search-four-seasons-duck-nc,,301,url
https://search.obxlistings.com/i/luxury-search-sea-scape-golf-homes-kitty-hawk-nc,,301,url
https://search.obxlistings.com/i/luxury-search-spindrift-,,301,url
https://search.obxlistings.com/i/luxury-search-the-currituck-club-corolla-nc,,301,url
https://search.obxlistings.com/i/luxury-search-village-of-nag-head-golf-course-homes,,301,url
https://search.obxlistings.com/i/luxury-semi-oceanfronts-corolla-duck-southern-shores-nags-head,,301,url
https://search.obxlistings.com/i/luxury-soundfronts-corolla-duck-southern-shores-nags-head,,301,url
https://search.obxlistings.com/i/lylejackson,,301,url
https://search.obxlistings.com/i/lylejackson5,,301,url
https://search.obxlistings.com/i/mabimike3,,301,url
https://search.obxlistings.com/i/mabimike4,,301,url
https://search.obxlistings.com/i/magnolia-bay-currituck-club,,301,url
https://search.obxlistings.com/i/manteo-land,,301,url
https://search.obxlistings.com/i/manteo-new-listings,,301,url
https://search.obxlistings.com/i/manteonchomesforsale,,301,url
https://search.obxlistings.com/i/markcooper,,301,url
https://search.obxlistings.com/i/markcooper4,,301,url
https://search.obxlistings.com/i/martinspointhomesforsale,,301,url
https://search.obxlistings.com/i/martinspointnchomesforsale,,301,url
https://search.obxlistings.com/i/marysaunders,,301,url
https://search.obxlistings.com/i/matthewthomas,,301,url
https://search.obxlistings.com/i/matthewthomas2,,301,url
https://search.obxlistings.com/i/meganeconnnelly,,301,url
https://search.obxlistings.com/i/melissaharrison,,301,url
https://search.obxlistings.com/i/melissalang,,301,url
https://search.obxlistings.com/i/melodymccray,,301,url
https://search.obxlistings.com/i/melodymccray2,,301,url
https://search.obxlistings.com/i/menefee,,301,url
https://search.obxlistings.com/i/menefee2,,301,url
https://search.obxlistings.com/i/merry15751,,301,url
https://search.obxlistings.com/i/michaelcollins,,301,url
https://search.obxlistings.com/i/michaelpagano,,301,url
https://search.obxlistings.com/i/michaelteague,,301,url
https://search.obxlistings.com/i/michelaf3,,301,url
https://search.obxlistings.com/i/michelaf4,,301,url
https://search.obxlistings.com/i/michelerudiger,,301,url
https://search.obxlistings.com/i/mikechargrill,,301,url
https://search.obxlistings.com/i/mikechargrill2,,301,url
https://search.obxlistings.com/i/mikeginder2,,301,url
https://search.obxlistings.com/i/mikeginder3,,301,url
https://search.obxlistings.com/i/mikemcfadden,,301,url
https://search.obxlistings.com/i/mikenewton,,301,url
https://search.obxlistings.com/i/mikeoneill,,301,url
https://search.obxlistings.com/i/mikeouderkirk,,301,url
https://search.obxlistings.com/i/mikeouderkirk8,,301,url
https://search.obxlistings.com/i/mikethompson,,301,url
https://search.obxlistings.com/i/mikethompson4,,301,url
https://search.obxlistings.com/i/mikewoody,,301,url
https://search.obxlistings.com/i/mikewoody4,,301,url
https://search.obxlistings.com/i/mikeginder,,301,url
https://search.obxlistings.com/i/millislooney,,301,url
https://search.obxlistings.com/i/millisl3,,301,url
https://search.obxlistings.com/i/millisl5,,301,url
https://search.obxlistings.com/i/mls67135,,301,url
https://search.obxlistings.com/i/molly2,,301,url
https://search.obxlistings.com/i/moniquejarmon,,301,url
https://search.obxlistings.com/i/moniquejarmon2,,301,url
https://search.obxlistings.com/i/mpagano,,301,url
https://search.obxlistings.com/i/mpagano22,,301,url
https://search.obxlistings.com/i/nags-head-between-the-highways,,301,url
https://search.obxlistings.com/i/nags-head-canalfront,,301,url
https://search.obxlistings.com/i/nags-head-homes-for-sale,,301,url
https://search.obxlistings.com/i/nags-head-land,,301,url
https://search.obxlistings.com/i/nags-head-new-listings,,301,url
https://search.obxlistings.com/i/nags-head-oceanfront-homes,,301,url
https://search.obxlistings.com/i/nags-head-oceanfront-homes-for-sale,,301,url
https://search.obxlistings.com/i/nags-head-soundfront,,301,url
https://search.obxlistings.com/i/nags-head-westside,,301,url
https://search.obxlistings.com/i/nagsheadnchomesforsale,,301,url
https://search.obxlistings.com/i/nagsheadrealestateforsale,,301,url
https://search.obxlistings.com/i/new-listings-7-days-outer-banks-real-estate,,301,url
https://search.obxlistings.com/i/new-listings-in-avon-nc,,301,url
https://search.obxlistings.com/i/new-listings-in-buxton-nc,,301,url
https://search.obxlistings.com/i/nicholasstancampiano,,301,url
https://search.obxlistings.com/i/nicholasstancampiano2,,301,url
https://search.obxlistings.com/i/nickstan07,,301,url
https://search.obxlistings.com/i/nopocraig,,301,url
https://search.obxlistings.com/i/north-carolina,,301,url
https://search.obxlistings.com/i/obx-residential-listings,,301,url
https://search.obxlistings.com/i/obxforeclosuresforsale,,301,url
https://search.obxlistings.com/i/obxmlsouterbankshomesforsale,,301,url
https://search.obxlistings.com/i/obxoceanfrontsforsale,,301,url
https://search.obxlistings.com/i/ocean-isle-estates-avon,,301,url
https://search.obxlistings.com/i/oceanhillcorollanchomesforsale,,301,url
https://search.obxlistings.com/i/oceansandscorollanchomesforsale,,301,url
https://search.obxlistings.com/i/oceansandshomesforsale,,301,url
https://search.obxlistings.com/i/oceanfront-homes-for-sale-in-buxton-nc,,301,url
https://search.obxlistings.com/i/oceanfront-homes-for-sale-in-corolla-nc,,301,url
https://search.obxlistings.com/i/oceanfront-homes-for-sale-in-waves-nc,,301,url
https://search.obxlistings.com/i/oceanfront-homes-in-avon-nc,,301,url
https://search.obxlistings.com/i/oceanfront-homes-in-salvo-nc,,301,url
https://search.obxlistings.com/i/oceanside-homes-for-sale-in-buxton-nc,,301,url
https://search.obxlistings.com/i/oded,,301,url
https://search.obxlistings.com/i/odedeliav,,301,url
https://search.obxlistings.com/i/oldnagsheadcovenchomesforsale,,301,url
https://search.obxlistings.com/i/oldnagsheadplacenchomesforsale,,301,url
https://search.obxlistings.com/i/ospreyducknchomesforsale,,301,url
https://search.obxlistings.com/i/outer-banks-homes-with-good-rental-income,,301,url
https://search.obxlistings.com/i/outer-banks-land-for-sale,,301,url
https://search.obxlistings.com/i/outer-banks-land-lots-for-sale,,301,url
https://search.obxlistings.com/i/outer-banks-luxury-homes-over-700000,,301,url
https://search.obxlistings.com/i/outer-banks-luxury-waterfront-homes,,301,url
https://search.obxlistings.com/i/outer-banks-oceanfront-homes,,301,url
https://search.obxlistings.com/i/outerbanksforeclosures,,301,url
https://search.obxlistings.com/i/outerbanksforeclosuresland,,301,url
https://search.obxlistings.com/i/outerbankshomes,,301,url
https://search.obxlistings.com/i/outerbanksoceanfrontsforsale,,301,url
https://search.obxlistings.com/i/outerbanksrealestate,,301,url
https://search.obxlistings.com/i/outerbanksrealty,,301,url
https://search.obxlistings.com/i/outerbanksshortsalesforsale,,301,url
https://search.obxlistings.com/i/outerbankssoundfrontsforsale,,301,url
https://search.obxlistings.com/i/palmersislandducknchomesforsale,,301,url
https://search.obxlistings.com/i/palmersislandnchomesforsale,,301,url
https://search.obxlistings.com/i/pamhunt,,301,url
https://search.obxlistings.com/i/pamhunt2,,301,url
https://search.obxlistings.com/i/pamelahunt,,301,url
https://search.obxlistings.com/i/patrickcarroll,,301,url
https://search.obxlistings.com/i/patrickmayer,,301,url
https://search.obxlistings.com/i/pattidye,,301,url
https://search.obxlistings.com/i/paulpobermin54,,301,url
https://search.obxlistings.com/i/pessagno4,,301,url
https://search.obxlistings.com/i/pessagno5,,301,url
https://search.obxlistings.com/i/pessagno6,,301,url
https://search.obxlistings.com/i/phdye3,,301,url
https://search.obxlistings.com/i/phdye4,,301,url
https://search.obxlistings.com/i/phydye2,,301,url
https://search.obxlistings.com/i/pine-island-homes-for-sale,,301,url
https://search.obxlistings.com/i/pineislandcorollanchomesforsale,,301,url
https://search.obxlistings.com/i/pineislandhomesforsale,,301,url
https://search.obxlistings.com/i/pineislandnchomesforsale,,301,url
https://search.obxlistings.com/i/piratescovenchomesforsale,,301,url
https://search.obxlistings.com/i/piratescovencrealestateforsale,,301,url
https://search.obxlistings.com/i/pph3,,301,url
https://search.obxlistings.com/i/pphhotmail,,301,url
https://search.obxlistings.com/i/pphi07,,301,url
https://search.obxlistings.com/i/pphio7,,301,url
https://search.obxlistings.com/i/raygromelski,,301,url
https://search.obxlistings.com/i/raygromelski5,,301,url
https://search.obxlistings.com/i/raygromelski6,,301,url
https://search.obxlistings.com/i/rdwstudio,,301,url
https://search.obxlistings.com/i/rdwstudio2,,301,url
https://search.obxlistings.com/i/real-estate-homes-carova-beach-nc,,301,url
https://search.obxlistings.com/i/real-estate-homes-for-sale-duck-nc,,301,url
https://search.obxlistings.com/i/real-estate-homes-for-sale-in-avon-and-buxton-nc,,301,url
https://search.obxlistings.com/i/real-estate-homes-for-sale-in-corolla-nc,,301,url
https://search.obxlistings.com/i/real-estate-homes-for-sale-in-frisco-and-hatteras-nc-outer-banks,,301,url
https://search.obxlistings.com/i/real-estate-homes-for-sale-in-manteo-nc,,301,url
https://search.obxlistings.com/i/real-estate-homes-for-sale-in-nags-head-nc-outer-banks,,301,url
https://search.obxlistings.com/i/real-estate-homes-for-sale-in-southern-shores-nc,,301,url
https://search.obxlistings.com/i/real-estate-homes-for-sale-kill-devil-hills-nc-outer-banks,,301,url
https://search.obxlistings.com/i/real-estate-homes-for-sale-kitty-hawk-nc-outer-banks,,301,url
https://search.obxlistings.com/i/real-estate-homes-for-sale-rodanthe-waves-salvo-nc,,301,url
https://search.obxlistings.com/i/reneelatour,,301,url
https://search.obxlistings.com/i/reneelatour3,,301,url
https://search.obxlistings.com/i/rfandrew2,,301,url
https://search.obxlistings.com/i/rgromelski,,301,url
https://search.obxlistings.com/i/roadrashed3,,301,url
https://search.obxlistings.com/i/roadrashed5,,301,url
https://search.obxlistings.com/i/roadrashedof,,301,url
https://search.obxlistings.com/i/roberteuler,,301,url
https://search.obxlistings.com/i/robertmello,,301,url
https://search.obxlistings.com/i/robertsevers,,301,url
https://search.obxlistings.com/i/robertsevers4,,301,url
https://search.obxlistings.com/i/robertshort,,301,url
https://search.obxlistings.com/i/robertsoncap,,301,url
https://search.obxlistings.com/i/rodsmith,,301,url
https://search.obxlistings.com/i/rodanthenchomesforsale,,301,url
https://search.obxlistings.com/i/ronanddenise,,301,url
https://search.obxlistings.com/i/ronbarner,,301,url
https://search.obxlistings.com/i/ronmindel,,301,url
https://search.obxlistings.com/i/rondell2,,301,url
https://search.obxlistings.com/i/rondell3,,301,url
https://search.obxlistings.com/i/snagshead,,301,url
https://search.obxlistings.com/i/salvo-oceanside-homes-for-sale,,301,url
https://search.obxlistings.com/i/salvo-soundside-homes-for-sale,,301,url
https://search.obxlistings.com/i/salvoncrealestateforsale,,301,url
https://search.obxlistings.com/i/sanderlingducknchomesforsale,,301,url
https://search.obxlistings.com/i/sanderlingnchomesforsale,,301,url
https://search.obxlistings.com/i/sandy,,301,url
https://search.obxlistings.com/i/scoggin,,301,url
https://search.obxlistings.com/i/scottspencer,,301,url
https://search.obxlistings.com/i/shannon4,,301,url
https://search.obxlistings.com/i/shannonandjulie,,301,url
https://search.obxlistings.com/i/shannonjulie,,301,url
https://search.obxlistings.com/i/sharongravel,,301,url
https://search.obxlistings.com/i/sharongravel2,,301,url
https://search.obxlistings.com/i/sharontullio,,301,url
https://search.obxlistings.com/i/sharontullio2,,301,url
https://search.obxlistings.com/i/shem2935,,301,url
https://search.obxlistings.com/i/sonja2,,301,url
https://search.obxlistings.com/i/soundfront-homes-for-sale-in-avon-nc,,301,url
https://search.obxlistings.com/i/soundfront-homes-for-sale-in-buxton-nc,,301,url
https://search.obxlistings.com/i/soundfront-homes-for-sale-in-salvo-nc,,301,url
https://search.obxlistings.com/i/soundside-homes-for-sale-in-buxton-nc,,301,url
https://search.obxlistings.com/i/southern-shores-canalfront,,301,url
https://search.obxlistings.com/i/southern-shores-condos-and-townhouses,,301,url
https://search.obxlistings.com/i/southern-shores-homes-1000000,,301,url
https://search.obxlistings.com/i/southern-shores-homes-200000,,301,url
https://search.obxlistings.com/i/southern-shores-homes-200000-300000,,301,url
https://search.obxlistings.com/i/southern-shores-homes-300000-400000,,301,url
https://search.obxlistings.com/i/southern-shores-homes-300000-600000,,301,url
https://search.obxlistings.com/i/southern-shores-homes-400000-500000,,301,url
https://search.obxlistings.com/i/southern-shores-homes-500000-600000,,301,url
https://search.obxlistings.com/i/southern-shores-homes-600000-700000,,301,url
https://search.obxlistings.com/i/southern-shores-homes-600000-800000,,301,url
https://search.obxlistings.com/i/southern-shores-homes-700000-800000,,301,url
https://search.obxlistings.com/i/southern-shores-homes-800000-1000000,,301,url
https://search.obxlistings.com/i/southern-shores-land,,301,url
https://search.obxlistings.com/i/southern-shores-new-listings,,301,url
https://search.obxlistings.com/i/southern-shores-oceanfront,,301,url
https://search.obxlistings.com/i/southern-shores-oceanside,,301,url
https://search.obxlistings.com/i/southern-shores-sound-side-homes,,301,url
https://search.obxlistings.com/i/southern-shores-soundfront,,301,url
https://search.obxlistings.com/i/southern-shores-westside,,301,url
https://search.obxlistings.com/i/southernshoresncrealestateforsale,,301,url
https://search.obxlistings.com/i/southernshoresrealestateforsale,,301,url
https://search.obxlistings.com/i/spindrift-homes,,301,url
https://search.obxlistings.com/i/ssecornett,,301,url
https://search.obxlistings.com/i/ssecornett2,,301,url
https://search.obxlistings.com/i/steamystuarts,,301,url
https://search.obxlistings.com/i/stephaniebowers,,301,url
https://search.obxlistings.com/i/stephaniehasselwander,,301,url
https://search.obxlistings.com/i/stephaniehasselwander2,,301,url
https://search.obxlistings.com/i/stephaniehasselwander3,,301,url
https://search.obxlistings.com/i/stephaniemcginley,,301,url
https://search.obxlistings.com/i/stephenchristian,,301,url
https://search.obxlistings.com/i/stevechristian,,301,url
https://search.obxlistings.com/i/stevem,,301,url
https://search.obxlistings.com/i/stevem3,,301,url
https://search.obxlistings.com/i/stullio,,301,url
https://search.obxlistings.com/i/stullio2,,301,url
https://search.obxlistings.com/i/susanlindley,,301,url
https://search.obxlistings.com/i/taylerwarden2,,301,url
https://search.obxlistings.com/i/taylerwarden3,,301,url
https://search.obxlistings.com/i/taylerwarden4,,301,url
https://search.obxlistings.com/i/taylerwarden,,301,url
https://search.obxlistings.com/i/tc45condos,,301,url
https://search.obxlistings.com/i/tc45semis,,301,url
https://search.obxlistings.com/i/tcav,,301,url
https://search.obxlistings.com/i/tcav2,,301,url
https://search.obxlistings.com/i/teagan,,301,url
https://search.obxlistings.com/i/teagan1,,301,url
https://search.obxlistings.com/i/terryadams,,301,url
https://search.obxlistings.com/i/terryadams2,,301,url
https://search.obxlistings.com/i/terrybumgardner,,301,url
https://search.obxlistings.com/i/terrybumgardner5,,301,url
https://search.obxlistings.com/i/terrybumgardner4,,301,url
https://search.obxlistings.com/i/terrycaviness,,301,url
https://search.obxlistings.com/i/terrygriffin,,301,url
https://search.obxlistings.com/i/terrygriffin2,,301,url
https://search.obxlistings.com/i/terrygriffin3,,301,url
https://search.obxlistings.com/i/terrygriffin5,,301,url
https://search.obxlistings.com/i/the-hammocks-currituck-club,,301,url
https://search.obxlistings.com/i/thegableskittyhawknccondosforsale,,301,url
https://search.obxlistings.com/i/thevillageofnagsheadnchomesforsale,,301,url
https://search.obxlistings.com/i/thebigbeef,,301,url
https://search.obxlistings.com/i/thebigbeef2,,301,url
https://search.obxlistings.com/i/timothycarrico,,301,url
https://search.obxlistings.com/i/tina,,301,url
https://search.obxlistings.com/i/tjdevito718,,301,url
https://search.obxlistings.com/i/tjdevito3,,301,url
https://search.obxlistings.com/i/tmpleano,,301,url
https://search.obxlistings.com/i/tmpleano3,,301,url
https://search.obxlistings.com/i/tmpleano4,,301,url
https://search.obxlistings.com/i/toddarthur,,301,url
https://search.obxlistings.com/i/todddevito,,301,url
https://search.obxlistings.com/i/todddevito10,,301,url
https://search.obxlistings.com/i/tomandmissy,,301,url
https://search.obxlistings.com/i/tomoates3,,301,url
https://search.obxlistings.com/i/tomoatessas3,,301,url
https://search.obxlistings.com/i/tracey,,301,url
https://search.obxlistings.com/i/traceyleano,,301,url
https://search.obxlistings.com/i/troyspigelmyer,,301,url
https://search.obxlistings.com/i/troyspigelmyer4,,301,url
https://search.obxlistings.com/i/trsroofing,,301,url
https://search.obxlistings.com/i/trsroofing3,,301,url
https://search.obxlistings.com/i/villageofnagsheadouterbanksrealestateforsale,,301,url
https://search.obxlistings.com/i/villages-at-ocean-hill,,301,url
https://search.obxlistings.com/i/wgerstein,,301,url
https://search.obxlistings.com/i/wanchesenchomesforsale,,301,url
https://search.obxlistings.com/i/watts812,,301,url
https://search.obxlistings.com/i/wavesnchomesforsale,,301,url
https://search.obxlistings.com/i/wayneandgail,,301,url
https://search.obxlistings.com/i/whaleheadclubcorollanchomesforsale,,301,url
https://search.obxlistings.com/i/whaleheadclubnchomesforsale,,301,url
https://search.obxlistings.com/i/whaleheadclubouterbanksrealestateforsale,,301,url
https://search.obxlistings.com/i/williamecclesine,,301,url
https://search.obxlistings.com/i/windswept-ridge-currituck-club,,301,url
https://search.obxlistings.com/i/yoovveay,,301,url
