Source URL,Destination URL
https://search.sanbornteam.com/idx/search/advanced,https://www.sanbornteam.com/homes-for-sale-search/
https://search.sanbornteam.com/idx/featured,https://www.sanbornteam.com/homes-for-sale-featured/
https://search.sanbornteam.com/idx/market-reports,https://www.sanbornteam.com/homes-for-sale-search
https://search.sanbornteam.com/idx/mortgage,https://www.sanbornteam.com/mortgage-calculator/
https://search.sanbornteam.com/idx/homevaluation,https://www.sanbornteam.com/home-valuation/
https://search.sanbornteam.com/idx/roster,https://www.sanbornteam.com/agent-list/
https://search.sanbornteam.com/idx/search/address,https://www.sanbornteam.com/homes-for-sale-search/
https://search.sanbornteam.com/idx/search/smart,https://www.sanbornteam.com/homes-for-sale-search/
https://search.sanbornteam.com/idx/search/basic,https://www.sanbornteam.com/homes-for-sale-search/
https://search.sanbornteam.com/idx/search/emailupdatesignup,https://www.sanbornteam.com/homes-for-sale-search/
https://search.sanbornteam.com/idx/search/listingid,https://www.sanbornteam.com/homes-for-sale-search/
https://search.sanbornteam.com/idx/map/mapsearch,https://www.sanbornteam.com/homes-for-sale-search/
https://search.sanbornteam.com/idx/featuredopenhouse,https://www.sanbornteam.com/open-home-search/
https://search.sanbornteam.com/idx/featuredvirtualtour,https://www.sanbornteam.com/homes-for-sale-search/
https://search.sanbornteam.com/idx/soldpending,https://www.sanbornteam.com/sold-featured-listing/
https://search.sanbornteam.com/idx/supplemental,https://www.sanbornteam.com/supplemental-listing/
https://search.sanbornteam.com/idx/linkshowcase,https://www.sanbornteam.com/homes-for-sale-search/
https://search.sanbornteam.com/idx/contact,https://www.sanbornteam.com/contact-us/
https://search.sanbornteam.com/idx/userlogin,https://www.sanbornteam.com/property-organizer-login/
https://search.sanbornteam.com/idx/usersignup,https://www.sanbornteam.com/property-organizer-login/?section=signin
https://search.sanbornteam.com/idx/searchbycity,https://www.sanbornteam.com/homes-for-sale-search/
https://search.sanbornteam.com/idx/sitemap,https://www.sanbornteam.com/homes-for-sale-search/
